<?xml version="1.0" encoding="UTF-8"?><rss version="2.0"
	xmlns:content="http://purl.org/rss/1.0/modules/content/"
	xmlns:wfw="http://wellformedweb.org/CommentAPI/"
	xmlns:dc="http://purl.org/dc/elements/1.1/"
	xmlns:atom="http://www.w3.org/2005/Atom"
	xmlns:sy="http://purl.org/rss/1.0/modules/syndication/"
	xmlns:slash="http://purl.org/rss/1.0/modules/slash/"
	>

<channel>
	<title>Groceries &#8211; Epicode</title>
	<atom:link href="/categoria-prodotto/groceries/feed/" rel="self" type="application/rss+xml" />
	<link></link>
	<description></description>
	<lastBuildDate>Wed, 20 Jun 2018 07:25:44 +0000</lastBuildDate>
	<language>it-IT</language>
	<sy:updatePeriod>
	hourly	</sy:updatePeriod>
	<sy:updateFrequency>
	1	</sy:updateFrequency>
	<generator>https://wordpress.org/?v=6.1.1</generator>

<image>
	<url>/wp-content/uploads/2023/02/cropped-product-8-32x32.jpg</url>
	<title>Groceries &#8211; Epicode</title>
	<link></link>
	<width>32</width>
	<height>32</height>
</image> 
	<item>
		<title>Handpicked Red Chillies</title>
		<link>/prodotto/handpicked-red-chillies/</link>
					<comments>/prodotto/handpicked-red-chillies/#respond</comments>
		
		<dc:creator><![CDATA[Marco11]]></dc:creator>
		<pubDate>Wed, 20 Jun 2018 07:25:44 +0000</pubDate>
				<guid isPermaLink="false">/prodotto/handpicked-red-chillies/</guid>

					<description><![CDATA[Neque porro quisquam est, qui dolore ipsum quia dolor sit amet, consectetur adipisci velit, sed quia non incidunt lores ta porro ame. numquam eius modi tempora incidunt lores ta porro ame.]]></description>
										<content:encoded><![CDATA[<p>Neque porro quisquam est, qui dolore ipsum quia dolor sit amet, consectetur adipisci velit, sed quia non incidunt lores ta porro ame. numquam eius modi tempora incidunt lores ta porro ame.</p>
]]></content:encoded>
					
					<wfw:commentRss>/prodotto/handpicked-red-chillies/feed/</wfw:commentRss>
			<slash:comments>0</slash:comments>
		
		
			</item>
		<item>
		<title>Pulses From Organic Farm</title>
		<link>/prodotto/pulses-from-organic-farm/</link>
					<comments>/prodotto/pulses-from-organic-farm/#respond</comments>
		
		<dc:creator><![CDATA[Marco11]]></dc:creator>
		<pubDate>Wed, 20 Jun 2018 07:16:56 +0000</pubDate>
				<guid isPermaLink="false">/prodotto/pulses-from-organic-farm/</guid>

					<description><![CDATA[Neque porro quisquam est, qui dolore ipsum quia dolor sit amet, consectetur adipisci velit, sed quia non incidunt lores ta porro ame. numquam eius modi tempora incidunt lores ta porro ame.]]></description>
										<content:encoded><![CDATA[<p>Neque porro quisquam est, qui dolore ipsum quia dolor sit amet, consectetur adipisci velit, sed quia non incidunt lores ta porro ame. numquam eius modi tempora incidunt lores ta porro ame.</p>
]]></content:encoded>
					
					<wfw:commentRss>/prodotto/pulses-from-organic-farm/feed/</wfw:commentRss>
			<slash:comments>0</slash:comments>
		
		
			</item>
		<item>
		<title>Hand Sanitizer</title>
		<link>/prodotto/hand-sanitizer/</link>
					<comments>/prodotto/hand-sanitizer/#respond</comments>
		
		<dc:creator><![CDATA[Marco11]]></dc:creator>
		<pubDate>Wed, 20 Jun 2018 07:13:55 +0000</pubDate>
				<guid isPermaLink="false">/prodotto/hand-sanitizer/</guid>

					<description><![CDATA[Neque porro quisquam est, qui dolore ipsum quia dolor sit amet, consectetur adipisci velit, sed quia non incidunt lores ta porro ame. numquam eius modi tempora incidunt lores ta porro ame.]]></description>
										<content:encoded><![CDATA[<p>Neque porro quisquam est, qui dolore ipsum quia dolor sit amet, consectetur adipisci velit, sed quia non incidunt lores ta porro ame. numquam eius modi tempora incidunt lores ta porro ame.</p>
]]></content:encoded>
					
					<wfw:commentRss>/prodotto/hand-sanitizer/feed/</wfw:commentRss>
			<slash:comments>0</slash:comments>
		
		
			</item>
		<item>
		<title>Fresh Organic Honey</title>
		<link>/prodotto/fresh-organic-honey/</link>
					<comments>/prodotto/fresh-organic-honey/#respond</comments>
		
		<dc:creator><![CDATA[Marco11]]></dc:creator>
		<pubDate>Tue, 19 Jun 2018 13:46:05 +0000</pubDate>
				<guid isPermaLink="false">/prodotto/fresh-organic-honey/</guid>

					<description><![CDATA[Neque porro quisquam est, qui dolore ipsum quia dolor sit amet, consectetur adipisci velit, sed quia non incidunt lores ta porro ame. numquam eius modi tempora incidunt lores ta porro ame.]]></description>
										<content:encoded><![CDATA[<p>Neque porro quisquam est, qui dolore ipsum quia dolor sit amet, consectetur adipisci velit, sed quia non incidunt lores ta porro ame. numquam eius modi tempora incidunt lores ta porro ame.</p>
]]></content:encoded>
					
					<wfw:commentRss>/prodotto/fresh-organic-honey/feed/</wfw:commentRss>
			<slash:comments>0</slash:comments>
		
		
			</item>
		<item>
		<title>Natural Extracted Edible Oil</title>
		<link>/prodotto/natural-extracted-olive-oil/</link>
					<comments>/prodotto/natural-extracted-olive-oil/#respond</comments>
		
		<dc:creator><![CDATA[Marco11]]></dc:creator>
		<pubDate>Tue, 19 Jun 2018 13:45:22 +0000</pubDate>
				<guid isPermaLink="false">/prodotto/natural-extracted-olive-oil/</guid>

					<description><![CDATA[Neque porro quisquam est, qui dolore ipsum quia dolor sit amet, consectetur adipisci velit, sed quia non incidunt lores ta porro ame. numquam eius modi tempora incidunt lores ta porro ame.]]></description>
										<content:encoded><![CDATA[<p>Neque porro quisquam est, qui dolore ipsum quia dolor sit amet, consectetur adipisci velit, sed quia non incidunt lores ta porro ame. numquam eius modi tempora incidunt lores ta porro ame.</p>
]]></content:encoded>
					
					<wfw:commentRss>/prodotto/natural-extracted-olive-oil/feed/</wfw:commentRss>
			<slash:comments>0</slash:comments>
		
		
			</item>
		<item>
		<title>Assorted Coffee</title>
		<link>/prodotto/assorted-coffee/</link>
					<comments>/prodotto/assorted-coffee/#respond</comments>
		
		<dc:creator><![CDATA[Marco11]]></dc:creator>
		<pubDate>Tue, 19 Jun 2018 13:42:19 +0000</pubDate>
				<guid isPermaLink="false">/prodotto/assorted-coffee/</guid>

					<description><![CDATA[Neque porro quisquam est, qui dolore ipsum quia dolor sit amet, consectetur adipisci velit, sed quia non incidunt lores ta porro ame. numquam eius modi tempora incidunt lores ta porro ame.]]></description>
										<content:encoded><![CDATA[<p>Neque porro quisquam est, qui dolore ipsum quia dolor sit amet, consectetur adipisci velit, sed quia non incidunt lores ta porro ame. numquam eius modi tempora incidunt lores ta porro ame.</p>
]]></content:encoded>
					
					<wfw:commentRss>/prodotto/assorted-coffee/feed/</wfw:commentRss>
			<slash:comments>0</slash:comments>
		
		
			</item>
		<item>
		<title>Wheat From Organic Farms</title>
		<link>/prodotto/wheat-from-organic-farms/</link>
					<comments>/prodotto/wheat-from-organic-farms/#respond</comments>
		
		<dc:creator><![CDATA[Marco11]]></dc:creator>
		<pubDate>Tue, 19 Jun 2018 13:40:31 +0000</pubDate>
				<guid isPermaLink="false">/prodotto/wheat-from-organic-farms/</guid>

					<description><![CDATA[Neque porro quisquam est, qui dolore ipsum quia dolor sit amet, consectetur adipisci velit, sed quia non incidunt lores ta porro ame. numquam eius modi tempora incidunt lores ta porro ame.]]></description>
										<content:encoded><![CDATA[<p>Neque porro quisquam est, qui dolore ipsum quia dolor sit amet, consectetur adipisci velit, sed quia non incidunt lores ta porro ame. numquam eius modi tempora incidunt lores ta porro ame.</p>
]]></content:encoded>
					
					<wfw:commentRss>/prodotto/wheat-from-organic-farms/feed/</wfw:commentRss>
			<slash:comments>0</slash:comments>
		
		
			</item>
		<item>
		<title>Diabetic Cookies</title>
		<link>/prodotto/diabetic-cookies/</link>
					<comments>/prodotto/diabetic-cookies/#respond</comments>
		
		<dc:creator><![CDATA[Marco11]]></dc:creator>
		<pubDate>Tue, 19 Jun 2018 13:34:23 +0000</pubDate>
				<guid isPermaLink="false">/prodotto/diabetic-cookies/</guid>

					<description><![CDATA[Neque porro quisquam est, qui dolore ipsum quia dolor sit amet, consectetur adipisci velit, sed quia non incidunt lores ta porro ame. numquam eius modi tempora incidunt lores ta porro ame.]]></description>
										<content:encoded><![CDATA[<p>Neque porro quisquam est, qui dolore ipsum quia dolor sit amet, consectetur adipisci velit, sed quia non incidunt lores ta porro ame. numquam eius modi tempora incidunt lores ta porro ame.</p>
]]></content:encoded>
					
					<wfw:commentRss>/prodotto/diabetic-cookies/feed/</wfw:commentRss>
			<slash:comments>0</slash:comments>
		
		
			</item>
		<item>
		<title>Organic Face Scrub</title>
		<link>/prodotto/organic-face-scrub/</link>
					<comments>/prodotto/organic-face-scrub/#respond</comments>
		
		<dc:creator><![CDATA[Marco11]]></dc:creator>
		<pubDate>Tue, 19 Jun 2018 13:32:40 +0000</pubDate>
				<guid isPermaLink="false">/prodotto/organic-face-scrub/</guid>

					<description><![CDATA[Neque porro quisquam est, qui dolore ipsum quia dolor sit amet, consectetur adipisci velit, sed quia non incidunt lores ta porro ame. numquam eius modi tempora incidunt lores ta porro ame.]]></description>
										<content:encoded><![CDATA[<p>Neque porro quisquam est, qui dolore ipsum quia dolor sit amet, consectetur adipisci velit, sed quia non incidunt lores ta porro ame. numquam eius modi tempora incidunt lores ta porro ame.</p>
]]></content:encoded>
					
					<wfw:commentRss>/prodotto/organic-face-scrub/feed/</wfw:commentRss>
			<slash:comments>0</slash:comments>
		
		
			</item>
		<item>
		<title>Cashew Butter</title>
		<link>/prodotto/cashew-butter/</link>
					<comments>/prodotto/cashew-butter/#respond</comments>
		
		<dc:creator><![CDATA[Marco11]]></dc:creator>
		<pubDate>Tue, 19 Jun 2018 13:30:53 +0000</pubDate>
				<guid isPermaLink="false">/prodotto/cashew-butter/</guid>

					<description><![CDATA[Neque porro quisquam est, qui dolore ipsum quia dolor sit amet, consectetur adipisci velit, sed quia non incidunt lores ta porro ame. numquam eius modi tempora incidunt lores ta porro ame.]]></description>
										<content:encoded><![CDATA[<p>Neque porro quisquam est, qui dolore ipsum quia dolor sit amet, consectetur adipisci velit, sed quia non incidunt lores ta porro ame. numquam eius modi tempora incidunt lores ta porro ame.</p>
]]></content:encoded>
					
					<wfw:commentRss>/prodotto/cashew-butter/feed/</wfw:commentRss>
			<slash:comments>0</slash:comments>
		
		
			</item>
	</channel>
</rss>
