<?xml version="1.0" encoding="UTF-8"?><rss version="2.0"
	xmlns:content="http://purl.org/rss/1.0/modules/content/"
	xmlns:wfw="http://wellformedweb.org/CommentAPI/"
	xmlns:dc="http://purl.org/dc/elements/1.1/"
	xmlns:atom="http://www.w3.org/2005/Atom"
	xmlns:sy="http://purl.org/rss/1.0/modules/syndication/"
	xmlns:slash="http://purl.org/rss/1.0/modules/slash/"
	>

<channel>
	<title>Marco11 &#8211; Epicode</title>
	<atom:link href="/author/marco11/feed/" rel="self" type="application/rss+xml" />
	<link></link>
	<description></description>
	<lastBuildDate>Fri, 03 Dec 2021 08:54:03 +0000</lastBuildDate>
	<language>it-IT</language>
	<sy:updatePeriod>
	hourly	</sy:updatePeriod>
	<sy:updateFrequency>
	1	</sy:updateFrequency>
	<generator>https://wordpress.org/?v=6.1.1</generator>

<image>
	<url>/wp-content/uploads/2023/02/cropped-product-8-32x32.jpg</url>
	<title>Marco11 &#8211; Epicode</title>
	<link></link>
	<width>32</width>
	<height>32</height>
</image> 
	<item>
		<title>Test</title>
		<link>/2021/12/03/test/</link>
					<comments>/2021/12/03/test/#respond</comments>
		
		<dc:creator><![CDATA[Marco11]]></dc:creator>
		<pubDate>Fri, 03 Dec 2021 08:54:03 +0000</pubDate>
				<category><![CDATA[Uncategorized]]></category>
		<guid isPermaLink="false">/2021/12/03/test/</guid>

					<description><![CDATA[]]></description>
		
					<wfw:commentRss>/2021/12/03/test/feed/</wfw:commentRss>
			<slash:comments>0</slash:comments>
		
		
			</item>
	</channel>
</rss>
