<?xml version="1.0" encoding="UTF-8"?><rss version="2.0"
	xmlns:content="http://purl.org/rss/1.0/modules/content/"
	xmlns:wfw="http://wellformedweb.org/CommentAPI/"
	xmlns:dc="http://purl.org/dc/elements/1.1/"
	xmlns:atom="http://www.w3.org/2005/Atom"
	xmlns:sy="http://purl.org/rss/1.0/modules/syndication/"
	xmlns:slash="http://purl.org/rss/1.0/modules/slash/"
	>

<channel>
	<title>Prodotti &#8211; Epicode</title>
	<atom:link href="/shop/feed/" rel="self" type="application/rss+xml" />
	<link></link>
	<description></description>
	<lastBuildDate>Tue, 28 Feb 2023 21:35:22 +0000</lastBuildDate>
	<language>it-IT</language>
	<sy:updatePeriod>
	hourly	</sy:updatePeriod>
	<sy:updateFrequency>
	1	</sy:updateFrequency>
	<generator>https://wordpress.org/?v=6.1.1</generator>

<image>
	<url>/wp-content/uploads/2023/02/cropped-product-8-32x32.jpg</url>
	<title>Prodotti &#8211; Epicode</title>
	<link></link>
	<width>32</width>
	<height>32</height>
</image> 
	<item>
		<title>Bridal Dress</title>
		<link>/prodotto/bridal-dress/</link>
		
		<dc:creator><![CDATA[Marco11]]></dc:creator>
		<pubDate>Tue, 28 Feb 2023 21:35:22 +0000</pubDate>
				<guid isPermaLink="false">/?p=3530</guid>

					<description><![CDATA[Here are a few of our primary fashion blog categories.]]></description>
		
		
		
			</item>
		<item>
		<title>Fit Sopie</title>
		<link>/prodotto/fit-sopie/</link>
		
		<dc:creator><![CDATA[Marco11]]></dc:creator>
		<pubDate>Tue, 28 Feb 2023 21:35:22 +0000</pubDate>
				<guid isPermaLink="false">/?p=3531</guid>

					<description><![CDATA[Here are a few of our primary fashion blog categories.]]></description>
		
		
		
			</item>
		<item>
		<title>Stylish Wear</title>
		<link>/prodotto/stylish-wear/</link>
		
		<dc:creator><![CDATA[Marco11]]></dc:creator>
		<pubDate>Tue, 28 Feb 2023 21:35:22 +0000</pubDate>
				<guid isPermaLink="false">/?p=3532</guid>

					<description><![CDATA[Here are a few of our primary fashion blog categories.]]></description>
		
		
		
			</item>
		<item>
		<title>Smart Watch</title>
		<link>/prodotto/smart-watch/</link>
		
		<dc:creator><![CDATA[Marco11]]></dc:creator>
		<pubDate>Tue, 28 Feb 2023 21:35:22 +0000</pubDate>
				<guid isPermaLink="false">/?p=3533</guid>

					<description><![CDATA[Here are a few of our primary fashion blog categories.]]></description>
		
		
		
			</item>
		<item>
		<title>Alarm Clock</title>
		<link>/prodotto/alarm-clock/</link>
		
		<dc:creator><![CDATA[Marco11]]></dc:creator>
		<pubDate>Tue, 28 Feb 2023 21:35:22 +0000</pubDate>
				<guid isPermaLink="false">/?p=3534</guid>

					<description><![CDATA[Here are a few of our primary fashion blog categories.]]></description>
		
		
		
			</item>
		<item>
		<title>Camera</title>
		<link>/prodotto/camera/</link>
		
		<dc:creator><![CDATA[Marco11]]></dc:creator>
		<pubDate>Tue, 28 Feb 2023 21:35:22 +0000</pubDate>
				<guid isPermaLink="false">/?p=3535</guid>

					<description><![CDATA[Here are a few of our primary fashion blog categories.]]></description>
		
		
		
			</item>
		<item>
		<title>Snaeakers</title>
		<link>/prodotto/snaeakers/</link>
		
		<dc:creator><![CDATA[Marco11]]></dc:creator>
		<pubDate>Tue, 28 Feb 2023 21:35:22 +0000</pubDate>
				<guid isPermaLink="false">/?p=3536</guid>

					<description><![CDATA[Here are a few of our primary fashion blog categories.]]></description>
		
		
		
			</item>
		<item>
		<title>Hat</title>
		<link>/prodotto/hat/</link>
		
		<dc:creator><![CDATA[Marco11]]></dc:creator>
		<pubDate>Tue, 28 Feb 2023 21:35:22 +0000</pubDate>
				<guid isPermaLink="false">/?p=3537</guid>

					<description><![CDATA[Here are a few of our primary fashion blog categories.]]></description>
		
		
		
			</item>
		<item>
		<title>Handpicked Red Chillies</title>
		<link>/prodotto/handpicked-red-chillies/</link>
					<comments>/prodotto/handpicked-red-chillies/#respond</comments>
		
		<dc:creator><![CDATA[Marco11]]></dc:creator>
		<pubDate>Wed, 20 Jun 2018 07:25:44 +0000</pubDate>
				<guid isPermaLink="false">/prodotto/handpicked-red-chillies/</guid>

					<description><![CDATA[Neque porro quisquam est, qui dolore ipsum quia dolor sit amet, consectetur adipisci velit, sed quia non incidunt lores ta porro ame. numquam eius modi tempora incidunt lores ta porro ame.]]></description>
		
					<wfw:commentRss>/prodotto/handpicked-red-chillies/feed/</wfw:commentRss>
			<slash:comments>0</slash:comments>
		
		
			</item>
		<item>
		<title>Pulses From Organic Farm</title>
		<link>/prodotto/pulses-from-organic-farm/</link>
					<comments>/prodotto/pulses-from-organic-farm/#respond</comments>
		
		<dc:creator><![CDATA[Marco11]]></dc:creator>
		<pubDate>Wed, 20 Jun 2018 07:16:56 +0000</pubDate>
				<guid isPermaLink="false">/prodotto/pulses-from-organic-farm/</guid>

					<description><![CDATA[Neque porro quisquam est, qui dolore ipsum quia dolor sit amet, consectetur adipisci velit, sed quia non incidunt lores ta porro ame. numquam eius modi tempora incidunt lores ta porro ame.]]></description>
		
					<wfw:commentRss>/prodotto/pulses-from-organic-farm/feed/</wfw:commentRss>
			<slash:comments>0</slash:comments>
		
		
			</item>
	</channel>
</rss>
